<?xml version="1.0" encoding="utf-8"?>
<!--/18743617/896458/2.50/12/3/Connector/-->
<quadcept_library>
  <setting unit="mil" />
  <textstyle name="Default" height="47.244094488189" strokewidth="7.8740157480315" charwidth="47.244094488189" />
  <textstyle name="Dimension" height="19.6850393700787" strokewidth="0" charwidth="19.6850393700787" />
  <textstyle name="H127W0635TH00762" height="50" strokewidth="3" charwidth="25" />
  <textstyle name="H15W15TH02" height="59.0551181102362" strokewidth="7.8740157480315" charwidth="59.0551181102362" />
  <padstyle name="c172.5_h115" surface="False" plated="True" isvia="False" nopaste="True" nomask="True" complex="False" holesize="45.275590551181">
    <padshape layer="TOP" shape="round" width="67.913385826771" height="67.913385826771" />
    <padshape layer="TOP_SOLDER_MASK" shape="round" width="75.787401574802" height="75.787401574802" />
    <padshape layer="INNER" shape="round" width="67.913385826771" height="67.913385826771" />
    <padshape layer="BOTTOM" shape="round" width="67.913385826771" height="67.913385826771" />
    <padshape layer="BOTTOM_SOLDER_MASK" shape="round" width="75.787401574802" height="75.787401574802" />
  </padstyle>
  <padstyle name="s172.5_h115" surface="False" plated="True" isvia="False" nopaste="True" nomask="True" complex="False" holesize="45.275590551181">
    <padshape layer="TOP" shape="square" width="67.913385826771" height="67.913385826771" />
    <padshape layer="TOP_SOLDER_MASK" shape="square" width="75.787401574802" height="75.787401574802" />
    <padshape layer="INNER" shape="round" width="67.913385826771" height="67.913385826771" />
    <padshape layer="BOTTOM" shape="square" width="67.913385826771" height="67.913385826771" />
    <padshape layer="BOTTOM_SOLDER_MASK" shape="square" width="75.787401574802" height="75.787401574802" />
  </padstyle>
  <footprint name="HDRRA12W67P254_2X6_1524X254X503P" originx="0" originy="0" pickpointx="0" pickpointy="0">
    <pcbpin number="1" name="1" style="s172.5_h115" originx="0" originy="0" rotation="90" />
    <pcbpin number="2" name="2" style="c172.5_h115" originx="0" originy="99.999999999999" rotation="90" />
    <pcbpin number="3" name="3" style="c172.5_h115" originx="-99.999999999999" originy="0" rotation="90" />
    <pcbpin number="4" name="4" style="c172.5_h115" originx="-99.999999999999" originy="99.999999999999" rotation="90" />
    <pcbpin number="5" name="5" style="c172.5_h115" originx="-200" originy="0" rotation="90" />
    <pcbpin number="6" name="6" style="c172.5_h115" originx="-200" originy="99.999999999999" rotation="90" />
    <pcbpin number="7" name="7" style="c172.5_h115" originx="-300" originy="0" rotation="90" />
    <pcbpin number="8" name="8" style="c172.5_h115" originx="-300" originy="99.999999999999" rotation="90" />
    <pcbpin number="9" name="9" style="c172.5_h115" originx="-400" originy="0" rotation="90" />
    <pcbpin number="10" name="10" style="c172.5_h115" originx="-400" originy="99.999999999999" rotation="90" />
    <pcbpin number="11" name="11" style="c172.5_h115" originx="-499.99999999999" originy="0" rotation="90" />
    <pcbpin number="12" name="12" style="c172.5_h115" originx="-499.99999999999" originy="99.999999999999" rotation="90" />
    <line layer="TOP_PLACE_BOUND" originx="63.779527559054" originy="-53.622047244094" endx="-563.77952755905" endy="-53.622047244094" width="1.9685039370079" />
    <line layer="TOP_PLACE_BOUND" originx="-563.77952755905" originy="-53.622047244094" endx="-563.77952755905" endy="507.48031496062" width="1.9685039370079" />
    <line layer="TOP_PLACE_BOUND" originx="-563.77952755905" originy="507.48031496062" endx="63.779527559054" endy="507.48031496062" width="1.9685039370079" />
    <line layer="TOP_PLACE_BOUND" originx="63.779527559054" originy="507.48031496062" endx="63.779527559054" endy="-53.622047244094" width="1.9685039370079" />
    <line layer="TOP_ASSEMBLY" originx="53.937007874015" originy="159.84251968504" endx="-553.93700787401" endy="159.84251968504" width="3.9370078740157" />
    <line layer="TOP_ASSEMBLY" originx="-553.93700787401" originy="159.84251968504" endx="-553.93700787401" endy="267.71653543307" width="3.9370078740157" />
    <line layer="TOP_ASSEMBLY" originx="-553.93700787401" originy="267.71653543307" endx="53.937007874015" endy="267.71653543307" width="3.9370078740157" />
    <line layer="TOP_ASSEMBLY" originx="53.937007874015" originy="267.71653543307" endx="53.937007874015" endy="159.84251968504" width="3.9370078740157" />
    <line layer="TOP_SILKSCREEN" originx="53.937007874015" originy="0" endx="53.937007874015" endy="267.71653543307" width="7.8740157480314" />
    <line layer="TOP_SILKSCREEN" originx="53.937007874015" originy="267.71653543307" endx="-553.93700787401" endy="267.71653543307" width="7.8740157480314" />
    <line layer="TOP_SILKSCREEN" originx="-553.93700787401" originy="267.71653543307" endx="-553.93700787401" endy="159.84251968504" width="7.8740157480314" />
    <line layer="TOP_SILKSCREEN" originx="0" originy="267.71653543307" endx="0" endy="497.63779527558" width="7.8740157480314" />
    <line layer="TOP_SILKSCREEN" originx="-99.999999999999" originy="267.71653543307" endx="-99.999999999999" endy="497.63779527558" width="7.8740157480314" />
    <line layer="TOP_SILKSCREEN" originx="-200" originy="267.71653543307" endx="-200" endy="497.63779527558" width="7.8740157480314" />
    <line layer="TOP_SILKSCREEN" originx="-300" originy="267.71653543307" endx="-300" endy="497.63779527558" width="7.8740157480314" />
    <line layer="TOP_SILKSCREEN" originx="-400" originy="267.71653543307" endx="-400" endy="497.63779527558" width="7.8740157480314" />
    <line layer="TOP_SILKSCREEN" originx="-499.99999999999" originy="267.71653543307" endx="-499.99999999999" endy="497.63779527558" width="7.8740157480314" />
  </footprint>
  <symbol name="10129382-912002BLF" originx="0" originy="0">
    <line originx="200" originy="100" endx="700" endy="100" width="0" />
    <line originx="700" originy="-600" endx="700" endy="100" width="0" />
    <line originx="700" originy="-600" endx="200" endy="-600" width="0" />
    <line originx="200" originy="100" endx="200" endy="-600" width="0" />
    <sympin number="1" originx="200" originy="0" rotation="180" length="100" width="7.8740157480315" flipped="False">
      <text name="pinname" originx="230" originy="0" style="Default" rotation="0" justify="left" flipped="False" hidden="False" data="1" />
      <text name="pindes" originx="140" originy="20" style="Default" rotation="0" justify="lowerright" flipped="False" hidden="False" data="1" />
    </sympin>
    <sympin number="3" originx="200" originy="-100" rotation="180" length="100" width="7.8740157480315" flipped="False">
      <text name="pinname" originx="230" originy="-100" style="Default" rotation="0" justify="left" flipped="False" hidden="False" data="3" />
      <text name="pindes" originx="140" originy="-80" style="Default" rotation="0" justify="lowerright" flipped="False" hidden="False" data="3" />
    </sympin>
    <sympin number="5" originx="200" originy="-200" rotation="180" length="100" width="7.8740157480315" flipped="False">
      <text name="pinname" originx="230" originy="-200" style="Default" rotation="0" justify="left" flipped="False" hidden="False" data="5" />
      <text name="pindes" originx="140" originy="-180" style="Default" rotation="0" justify="lowerright" flipped="False" hidden="False" data="5" />
    </sympin>
    <sympin number="7" originx="200" originy="-300" rotation="180" length="100" width="7.8740157480315" flipped="False">
      <text name="pinname" originx="230" originy="-300" style="Default" rotation="0" justify="left" flipped="False" hidden="False" data="7" />
      <text name="pindes" originx="140" originy="-280" style="Default" rotation="0" justify="lowerright" flipped="False" hidden="False" data="7" />
    </sympin>
    <sympin number="9" originx="200" originy="-400" rotation="180" length="100" width="7.8740157480315" flipped="False">
      <text name="pinname" originx="230" originy="-400" style="Default" rotation="0" justify="left" flipped="False" hidden="False" data="9" />
      <text name="pindes" originx="140" originy="-380" style="Default" rotation="0" justify="lowerright" flipped="False" hidden="False" data="9" />
    </sympin>
    <sympin number="11" originx="200" originy="-500" rotation="180" length="100" width="7.8740157480315" flipped="False">
      <text name="pinname" originx="230" originy="-500" style="Default" rotation="0" justify="left" flipped="False" hidden="False" data="11" />
      <text name="pindes" originx="140" originy="-480" style="Default" rotation="0" justify="lowerright" flipped="False" hidden="False" data="11" />
    </sympin>
    <sympin number="2" originx="700" originy="0" rotation="0" length="100" width="7.8740157480315" flipped="False">
      <text name="pinname" originx="670" originy="0" style="Default" rotation="0" justify="right" flipped="False" hidden="False" data="2" />
      <text name="pindes" originx="760" originy="20" style="Default" rotation="0" justify="lowerleft" flipped="False" hidden="False" data="2" />
    </sympin>
    <sympin number="4" originx="700" originy="-100" rotation="0" length="100" width="7.8740157480315" flipped="False">
      <text name="pinname" originx="670" originy="-100" style="Default" rotation="0" justify="right" flipped="False" hidden="False" data="4" />
      <text name="pindes" originx="760" originy="-80" style="Default" rotation="0" justify="lowerleft" flipped="False" hidden="False" data="4" />
    </sympin>
    <sympin number="6" originx="700" originy="-200" rotation="0" length="100" width="7.8740157480315" flipped="False">
      <text name="pinname" originx="670" originy="-200" style="Default" rotation="0" justify="right" flipped="False" hidden="False" data="6" />
      <text name="pindes" originx="760" originy="-180" style="Default" rotation="0" justify="lowerleft" flipped="False" hidden="False" data="6" />
    </sympin>
    <sympin number="8" originx="700" originy="-300" rotation="0" length="100" width="7.8740157480315" flipped="False">
      <text name="pinname" originx="670" originy="-300" style="Default" rotation="0" justify="right" flipped="False" hidden="False" data="8" />
      <text name="pindes" originx="760" originy="-280" style="Default" rotation="0" justify="lowerleft" flipped="False" hidden="False" data="8" />
    </sympin>
    <sympin number="10" originx="700" originy="-400" rotation="0" length="100" width="7.8740157480315" flipped="False">
      <text name="pinname" originx="670" originy="-400" style="Default" rotation="0" justify="right" flipped="False" hidden="False" data="10" />
      <text name="pindes" originx="760" originy="-380" style="Default" rotation="0" justify="lowerleft" flipped="False" hidden="False" data="10" />
    </sympin>
    <sympin number="12" originx="700" originy="-500" rotation="0" length="100" width="7.8740157480315" flipped="False">
      <text name="pinname" originx="670" originy="-500" style="Default" rotation="0" justify="right" flipped="False" hidden="False" data="12" />
      <text name="pindes" originx="760" originy="-480" style="Default" rotation="0" justify="lowerleft" flipped="False" hidden="False" data="12" />
    </sympin>
  </symbol>
  <component name="10129382-912002BLF" designatorprefix="J" height="198.03149606299" footprint="HDRRA12W67P254_2X6_1524X254X503P">
    <comppin designator="1" sympin="1" pinswap="0" gateswap="0" gate="1" group="1" side="" type="Any" name="1" />
    <comppin designator="2" sympin="2" pinswap="0" gateswap="0" gate="1" group="1" side="" type="Any" name="2" />
    <comppin designator="3" sympin="3" pinswap="0" gateswap="0" gate="1" group="1" side="" type="Any" name="3" />
    <comppin designator="4" sympin="4" pinswap="0" gateswap="0" gate="1" group="1" side="" type="Any" name="4" />
    <comppin designator="5" sympin="5" pinswap="0" gateswap="0" gate="1" group="1" side="" type="Any" name="5" />
    <comppin designator="6" sympin="6" pinswap="0" gateswap="0" gate="1" group="1" side="" type="Any" name="6" />
    <comppin designator="7" sympin="7" pinswap="0" gateswap="0" gate="1" group="1" side="" type="Any" name="7" />
    <comppin designator="8" sympin="8" pinswap="0" gateswap="0" gate="1" group="1" side="" type="Any" name="8" />
    <comppin designator="9" sympin="9" pinswap="0" gateswap="0" gate="1" group="1" side="" type="Any" name="9" />
    <comppin designator="10" sympin="10" pinswap="0" gateswap="0" gate="1" group="1" side="" type="Any" name="10" />
    <comppin designator="11" sympin="11" pinswap="0" gateswap="0" gate="1" group="1" side="" type="Any" name="11" />
    <comppin designator="12" sympin="12" pinswap="0" gateswap="0" gate="1" group="1" side="" type="Any" name="12" />
    <attached_symbol gate="1" name="10129382-912002BLF" />
    <pinmap designator="1" footprintpin="1" />
    <pinmap designator="2" footprintpin="2" />
    <pinmap designator="3" footprintpin="3" />
    <pinmap designator="4" footprintpin="4" />
    <pinmap designator="5" footprintpin="5" />
    <pinmap designator="6" footprintpin="6" />
    <pinmap designator="7" footprintpin="7" />
    <pinmap designator="8" footprintpin="8" />
    <pinmap designator="9" footprintpin="9" />
    <pinmap designator="10" footprintpin="10" />
    <pinmap designator="11" footprintpin="11" />
    <pinmap designator="12" footprintpin="12" />
    <text name="Datasheet" originx="0" originy="0" style="Default" rotation="0" justify="" flipped="False" hidden="True" data="https://cdn.amphenol-cs.com/media/wysiwyg/files/drawing/10129382.pdf" />
    <text name="Description" originx="0" originy="0" style="Default" rotation="0" justify="" flipped="False" hidden="True" data="Connector Header Through Hole, Right Angle 12 position 0.100&quot; (2.54mm)" />
    <text name="Mouser Part Number" originx="0" originy="0" style="Default" rotation="0" justify="" flipped="False" hidden="True" data="" />
    <text name="Mouser Price/Stock" originx="0" originy="0" style="Default" rotation="0" justify="" flipped="False" hidden="True" data="" />
    <text name="Manufacturer_Name" originx="0" originy="0" style="Default" rotation="0" justify="" flipped="False" hidden="True" data="Amphenol" />
    <text name="Manufacturer_Part_Number" originx="750" originy="200" style="Default" rotation="0" justify="left" flipped="False" hidden="False" data="10129382-912002BLF" />
  </component>
</quadcept_library>
