<?xml version="1.0" encoding="utf-8"?>
<!--/11548057/896458/2.50/6/4/Connector/-->
<quadcept_library>
  <setting unit="mil" />
  <textstyle name="Default" height="47.244094488189" strokewidth="7.8740157480315" charwidth="47.244094488189" />
  <textstyle name="Dimension" height="19.6850393700787" strokewidth="0" charwidth="19.6850393700787" />
  <textstyle name="H127W0635TH00762" height="50" strokewidth="3" charwidth="25" />
  <textstyle name="H15W15TH02" height="59.0551181102362" strokewidth="7.8740157480315" charwidth="59.0551181102362" />
  <padstyle name="c165_h110" surface="False" plated="True" isvia="False" nopaste="True" nomask="True" complex="False" holesize="43.307086614173">
    <padshape layer="TOP" shape="round" width="64.960629921259" height="64.960629921259" />
    <padshape layer="TOP_SOLDER_MASK" shape="round" width="72.83464566929" height="72.83464566929" />
    <padshape layer="INNER" shape="round" width="64.960629921259" height="64.960629921259" />
    <padshape layer="BOTTOM" shape="round" width="64.960629921259" height="64.960629921259" />
    <padshape layer="BOTTOM_SOLDER_MASK" shape="round" width="72.83464566929" height="72.83464566929" />
  </padstyle>
  <padstyle name="s165_h110" surface="False" plated="True" isvia="False" nopaste="True" nomask="True" complex="False" holesize="43.307086614173">
    <padshape layer="TOP" shape="square" width="64.960629921259" height="64.960629921259" />
    <padshape layer="TOP_SOLDER_MASK" shape="square" width="72.83464566929" height="72.83464566929" />
    <padshape layer="INNER" shape="round" width="64.960629921259" height="64.960629921259" />
    <padshape layer="BOTTOM" shape="square" width="64.960629921259" height="64.960629921259" />
    <padshape layer="BOTTOM_SOLDER_MASK" shape="square" width="72.83464566929" height="72.83464566929" />
  </padstyle>
  <footprint name="SHDR6W64P254_2X3_1522X880X920P" originx="0" originy="0" pickpointx="0" pickpointy="0">
    <pcbpin number="1" name="1" style="s165_h110" originx="0" originy="0" rotation="90" />
    <pcbpin number="2" name="2" style="c165_h110" originx="0" originy="99.999999999999" rotation="90" />
    <pcbpin number="3" name="3" style="c165_h110" originx="99.999999999999" originy="0" rotation="90" />
    <pcbpin number="4" name="4" style="c165_h110" originx="99.999999999999" originy="99.999999999999" rotation="90" />
    <pcbpin number="5" name="5" style="c165_h110" originx="200" originy="0" rotation="90" />
    <pcbpin number="6" name="6" style="c165_h110" originx="200" originy="99.999999999999" rotation="90" />
    <line layer="TOP_PLACE_BOUND" originx="-209.84251968504" originy="-140.94488188976" endx="-209.84251968504" endy="225.1968503937" width="1.9685039370079" />
    <line layer="TOP_PLACE_BOUND" originx="-209.84251968504" originy="225.1968503937" endx="409.05511811023" endy="225.1968503937" width="1.9685039370079" />
    <line layer="TOP_PLACE_BOUND" originx="409.05511811023" originy="225.1968503937" endx="409.05511811023" endy="-140.94488188976" width="1.9685039370079" />
    <line layer="TOP_PLACE_BOUND" originx="409.05511811023" originy="-140.94488188976" endx="-209.84251968504" endy="-140.94488188976" width="1.9685039370079" />
    <line layer="TOP_ASSEMBLY" originx="-200" originy="-131.10236220472" endx="-200" endy="215.35433070866" width="3.9370078740157" />
    <line layer="TOP_ASSEMBLY" originx="-200" originy="215.35433070866" endx="399.21259842519" endy="215.35433070866" width="3.9370078740157" />
    <line layer="TOP_ASSEMBLY" originx="399.21259842519" originy="215.35433070866" endx="399.21259842519" endy="-131.10236220472" width="3.9370078740157" />
    <line layer="TOP_ASSEMBLY" originx="399.21259842519" originy="-131.10236220472" endx="-200" endy="-131.10236220472" width="3.9370078740157" />
    <line layer="TOP_SILKSCREEN" originx="0" originy="-131.10236220472" endx="399.21259842519" endy="-131.10236220472" width="7.8740157480314" />
    <line layer="TOP_SILKSCREEN" originx="399.21259842519" originy="-131.10236220472" endx="399.21259842519" endy="215.35433070866" width="7.8740157480314" />
    <line layer="TOP_SILKSCREEN" originx="399.21259842519" originy="215.35433070866" endx="-200" endy="215.35433070866" width="7.8740157480314" />
    <line layer="TOP_SILKSCREEN" originx="-200" originy="215.35433070866" endx="-200" endy="0" width="7.8740157480314" />
  </footprint>
  <symbol name="BHR-06-VUA" originx="0" originy="0">
    <line originx="200" originy="100" endx="600" endy="100" width="0" />
    <line originx="600" originy="-300" endx="600" endy="100" width="0" />
    <line originx="600" originy="-300" endx="200" endy="-300" width="0" />
    <line originx="200" originy="100" endx="200" endy="-300" width="0" />
    <sympin number="1" originx="200" originy="0" rotation="180" length="100" width="7.8740157480315" flipped="False">
      <text name="pinname" originx="230" originy="0" style="Default" rotation="0" justify="left" flipped="False" hidden="False" data="1" />
      <text name="pindes" originx="140" originy="20" style="Default" rotation="0" justify="lowerright" flipped="False" hidden="False" data="1" />
    </sympin>
    <sympin number="3" originx="200" originy="-100" rotation="180" length="100" width="7.8740157480315" flipped="False">
      <text name="pinname" originx="230" originy="-100" style="Default" rotation="0" justify="left" flipped="False" hidden="False" data="3" />
      <text name="pindes" originx="140" originy="-80" style="Default" rotation="0" justify="lowerright" flipped="False" hidden="False" data="3" />
    </sympin>
    <sympin number="5" originx="200" originy="-200" rotation="180" length="100" width="7.8740157480315" flipped="False">
      <text name="pinname" originx="230" originy="-200" style="Default" rotation="0" justify="left" flipped="False" hidden="False" data="5" />
      <text name="pindes" originx="140" originy="-180" style="Default" rotation="0" justify="lowerright" flipped="False" hidden="False" data="5" />
    </sympin>
    <sympin number="2" originx="600" originy="0" rotation="0" length="100" width="7.8740157480315" flipped="False">
      <text name="pinname" originx="570" originy="0" style="Default" rotation="0" justify="right" flipped="False" hidden="False" data="2" />
      <text name="pindes" originx="660" originy="20" style="Default" rotation="0" justify="lowerleft" flipped="False" hidden="False" data="2" />
    </sympin>
    <sympin number="4" originx="600" originy="-100" rotation="0" length="100" width="7.8740157480315" flipped="False">
      <text name="pinname" originx="570" originy="-100" style="Default" rotation="0" justify="right" flipped="False" hidden="False" data="4" />
      <text name="pindes" originx="660" originy="-80" style="Default" rotation="0" justify="lowerleft" flipped="False" hidden="False" data="4" />
    </sympin>
    <sympin number="6" originx="600" originy="-200" rotation="0" length="100" width="7.8740157480315" flipped="False">
      <text name="pinname" originx="570" originy="-200" style="Default" rotation="0" justify="right" flipped="False" hidden="False" data="6" />
      <text name="pindes" originx="660" originy="-180" style="Default" rotation="0" justify="lowerleft" flipped="False" hidden="False" data="6" />
    </sympin>
  </symbol>
  <component name="BHR-06-VUA" designatorprefix="J" height="362.20472440944" footprint="SHDR6W64P254_2X3_1522X880X920P">
    <comppin designator="1" sympin="1" pinswap="0" gateswap="0" gate="1" group="1" side="" type="Any" name="1" />
    <comppin designator="2" sympin="2" pinswap="0" gateswap="0" gate="1" group="1" side="" type="Any" name="2" />
    <comppin designator="3" sympin="3" pinswap="0" gateswap="0" gate="1" group="1" side="" type="Any" name="3" />
    <comppin designator="4" sympin="4" pinswap="0" gateswap="0" gate="1" group="1" side="" type="Any" name="4" />
    <comppin designator="5" sympin="5" pinswap="0" gateswap="0" gate="1" group="1" side="" type="Any" name="5" />
    <comppin designator="6" sympin="6" pinswap="0" gateswap="0" gate="1" group="1" side="" type="Any" name="6" />
    <attached_symbol gate="1" name="BHR-06-VUA" />
    <pinmap designator="1" footprintpin="1" />
    <pinmap designator="2" footprintpin="2" />
    <pinmap designator="3" footprintpin="3" />
    <pinmap designator="4" footprintpin="4" />
    <pinmap designator="5" footprintpin="5" />
    <pinmap designator="6" footprintpin="6" />
    <text name="Datasheet" originx="0" originy="0" style="Default" rotation="0" justify="" flipped="False" hidden="True" data="https://app.adam-tech.com/products/download/data_sheet/203218/bhr-xx-vua-data-sheet.pdf" />
    <text name="Description" originx="0" originy="0" style="Default" rotation="0" justify="" flipped="False" hidden="True" data="Box Header, Vertical, 6 Pos" />
    <text name="Mouser Part Number" originx="0" originy="0" style="Default" rotation="0" justify="" flipped="False" hidden="True" data="" />
    <text name="Mouser Price/Stock" originx="0" originy="0" style="Default" rotation="0" justify="" flipped="False" hidden="True" data="" />
    <text name="Manufacturer_Name" originx="0" originy="0" style="Default" rotation="0" justify="" flipped="False" hidden="True" data="Adam Tech" />
    <text name="Manufacturer_Part_Number" originx="650" originy="200" style="Default" rotation="0" justify="left" flipped="False" hidden="False" data="BHR-06-VUA" />
  </component>
</quadcept_library>
