<?xml version="1.0" encoding="utf-8"?>
<!--/740175/896458/2.50/10/4/Connector/-->
<quadcept_library>
  <setting unit="mil" />
  <textstyle name="Default" height="47.244094488189" strokewidth="7.8740157480315" charwidth="47.244094488189" />
  <textstyle name="Dimension" height="19.6850393700787" strokewidth="0" charwidth="19.6850393700787" />
  <textstyle name="H127W0635TH00762" height="50" strokewidth="3" charwidth="25" />
  <textstyle name="H15W15TH02" height="59.0551181102362" strokewidth="7.8740157480315" charwidth="59.0551181102362" />
  <padstyle name="r234_142" surface="True" plated="False" isvia="False" nopaste="False" nomask="True" complex="False" holesize="0">
    <padshape layer="TOP" shape="rectangle" width="55.905511811023" height="92.125984251967" />
    <padshape layer="TOP_SOLDER_MASK" shape="rectangle" width="63.779527559054" height="99.999999999999" />
    <padshape layer="TOP_SOLDER_PASTE" shape="rectangle" width="55.905511811023" height="92.125984251967" />
  </padstyle>
  <padstyle name="r224_142" surface="True" plated="False" isvia="False" nopaste="False" nomask="True" complex="False" holesize="0">
    <padshape layer="TOP" shape="rectangle" width="55.905511811023" height="88.188976377952" />
    <padshape layer="TOP_SOLDER_MASK" shape="rectangle" width="63.779527559054" height="96.062992125983" />
    <padshape layer="TOP_SOLDER_PASTE" shape="rectangle" width="55.905511811023" height="88.188976377952" />
  </padstyle>
  <footprint name="SMH10502TDTR" originx="0" originy="0" pickpointx="0" pickpointy="0">
    <pcbpin number="1" name="1" style="r234_142" originx="200" originy="0" rotation="0" />
    <pcbpin number="2" name="2" style="r224_142" originx="200" originy="151.96850393701" rotation="0" />
    <pcbpin number="3" name="3" style="r234_142" originx="99.999999999999" originy="0" rotation="0" />
    <pcbpin number="4" name="4" style="r224_142" originx="99.999999999999" originy="151.96850393701" rotation="0" />
    <pcbpin number="5" name="5" style="r234_142" originx="0" originy="0" rotation="0" />
    <pcbpin number="6" name="6" style="r224_142" originx="0" originy="151.96850393701" rotation="0" />
    <pcbpin number="7" name="7" style="r234_142" originx="-99.999999999999" originy="0" rotation="0" />
    <pcbpin number="8" name="8" style="r224_142" originx="-99.999999999999" originy="151.96850393701" rotation="0" />
    <pcbpin number="9" name="9" style="r234_142" originx="-200" originy="0" rotation="0" />
    <pcbpin number="10" name="10" style="r224_142" originx="-200" originy="151.96850393701" rotation="0" />
    <line layer="TOP_ASSEMBLY" originx="-260.03937007874" originy="-118.89763779527" endx="260.03937007874" endy="-118.89763779527" width="7.8740157480314" />
    <line layer="TOP_ASSEMBLY" originx="260.03937007874" originy="-118.89763779527" endx="260.03937007874" endy="-453.93700787401" width="7.8740157480314" />
    <line layer="TOP_ASSEMBLY" originx="260.03937007874" originy="-453.93700787401" endx="-260.03937007874" endy="-453.93700787401" width="7.8740157480314" />
    <line layer="TOP_ASSEMBLY" originx="-260.03937007874" originy="-453.93700787401" endx="-260.03937007874" endy="-118.89763779527" width="7.8740157480314" />
    <line layer="TOP_SILKSCREEN" originx="-260.03937007874" originy="-118.89763779527" endx="260.03937007874" endy="-118.89763779527" width="3.9370078740157" />
    <line layer="TOP_SILKSCREEN" originx="260.03937007874" originy="-118.89763779527" endx="260.03937007874" endy="-453.93700787401" width="3.9370078740157" />
    <line layer="TOP_SILKSCREEN" originx="260.03937007874" originy="-453.93700787401" endx="-260.03937007874" endy="-453.93700787401" width="3.9370078740157" />
    <line layer="TOP_SILKSCREEN" originx="-260.03937007874" originy="-453.93700787401" endx="-260.03937007874" endy="-118.89763779527" width="3.9370078740157" />
    <line layer="TOP_PLACE_BOUND" originx="-299.40944881889" originy="235.43307086614" endx="299.40944881889" endy="235.43307086614" width="3.9370078740157" />
    <line layer="TOP_PLACE_BOUND" originx="299.40944881889" originy="235.43307086614" endx="299.40944881889" endy="-524.40944881889" width="3.9370078740157" />
    <line layer="TOP_PLACE_BOUND" originx="299.40944881889" originy="-524.40944881889" endx="-299.40944881889" endy="-524.40944881889" width="3.9370078740157" />
    <line layer="TOP_PLACE_BOUND" originx="-299.40944881889" originy="-524.40944881889" endx="-299.40944881889" endy="235.43307086614" width="3.9370078740157" />
    <line layer="TOP_SILKSCREEN" originx="188.97637795275" originy="-481.10236220472" endx="188.97637795275" endy="-481.10236220472" width="7.8740157480314" />
    <arc layer="TOP_SILKSCREEN" originx="192.91338582677" originy="-481.10236220472" startangle="180.0" sweepangle="180.0" radius="3.9370078740157" width="7.8740157480314" />
    <line layer="TOP_SILKSCREEN" originx="196.85039370078" originy="-481.10236220472" endx="196.85039370078" endy="-481.10236220472" width="7.8740157480314" />
    <arc layer="TOP_SILKSCREEN" originx="192.91338582677" originy="-481.10236220472" startangle=".0" sweepangle="180.0" radius="3.9370078740157" width="7.8740157480314" />
  </footprint>
  <symbol name="SMH-105-02-T-D-TR" originx="0" originy="0">
    <line originx="200" originy="100" endx="700" endy="100" width="0" />
    <line originx="700" originy="-500" endx="700" endy="100" width="0" />
    <line originx="700" originy="-500" endx="200" endy="-500" width="0" />
    <line originx="200" originy="100" endx="200" endy="-500" width="0" />
    <sympin number="1" originx="200" originy="-400" rotation="180" length="100" width="7.8740157480315" flipped="False">
      <text name="pinname" originx="230" originy="-400" style="Default" rotation="0" justify="left" flipped="False" hidden="False" data="1" />
      <text name="pindes" originx="140" originy="-380" style="Default" rotation="0" justify="lowerright" flipped="False" hidden="False" data="1" />
    </sympin>
    <sympin number="2" originx="700" originy="-400" rotation="0" length="100" width="7.8740157480315" flipped="False">
      <text name="pinname" originx="670" originy="-400" style="Default" rotation="0" justify="right" flipped="False" hidden="False" data="2" />
      <text name="pindes" originx="760" originy="-380" style="Default" rotation="0" justify="lowerleft" flipped="False" hidden="False" data="2" />
    </sympin>
    <sympin number="3" originx="200" originy="-300" rotation="180" length="100" width="7.8740157480315" flipped="False">
      <text name="pinname" originx="230" originy="-300" style="Default" rotation="0" justify="left" flipped="False" hidden="False" data="3" />
      <text name="pindes" originx="140" originy="-280" style="Default" rotation="0" justify="lowerright" flipped="False" hidden="False" data="3" />
    </sympin>
    <sympin number="4" originx="700" originy="-300" rotation="0" length="100" width="7.8740157480315" flipped="False">
      <text name="pinname" originx="670" originy="-300" style="Default" rotation="0" justify="right" flipped="False" hidden="False" data="4" />
      <text name="pindes" originx="760" originy="-280" style="Default" rotation="0" justify="lowerleft" flipped="False" hidden="False" data="4" />
    </sympin>
    <sympin number="5" originx="200" originy="-200" rotation="180" length="100" width="7.8740157480315" flipped="False">
      <text name="pinname" originx="230" originy="-200" style="Default" rotation="0" justify="left" flipped="False" hidden="False" data="5" />
      <text name="pindes" originx="140" originy="-180" style="Default" rotation="0" justify="lowerright" flipped="False" hidden="False" data="5" />
    </sympin>
    <sympin number="6" originx="700" originy="-200" rotation="0" length="100" width="7.8740157480315" flipped="False">
      <text name="pinname" originx="670" originy="-200" style="Default" rotation="0" justify="right" flipped="False" hidden="False" data="6" />
      <text name="pindes" originx="760" originy="-180" style="Default" rotation="0" justify="lowerleft" flipped="False" hidden="False" data="6" />
    </sympin>
    <sympin number="7" originx="200" originy="-100" rotation="180" length="100" width="7.8740157480315" flipped="False">
      <text name="pinname" originx="230" originy="-100" style="Default" rotation="0" justify="left" flipped="False" hidden="False" data="7" />
      <text name="pindes" originx="140" originy="-80" style="Default" rotation="0" justify="lowerright" flipped="False" hidden="False" data="7" />
    </sympin>
    <sympin number="8" originx="700" originy="-100" rotation="0" length="100" width="7.8740157480315" flipped="False">
      <text name="pinname" originx="670" originy="-100" style="Default" rotation="0" justify="right" flipped="False" hidden="False" data="8" />
      <text name="pindes" originx="760" originy="-80" style="Default" rotation="0" justify="lowerleft" flipped="False" hidden="False" data="8" />
    </sympin>
    <sympin number="9" originx="200" originy="0" rotation="180" length="100" width="7.8740157480315" flipped="False">
      <text name="pinname" originx="230" originy="0" style="Default" rotation="0" justify="left" flipped="False" hidden="False" data="9" />
      <text name="pindes" originx="140" originy="20" style="Default" rotation="0" justify="lowerright" flipped="False" hidden="False" data="9" />
    </sympin>
    <sympin number="10" originx="700" originy="0" rotation="0" length="100" width="7.8740157480315" flipped="False">
      <text name="pinname" originx="670" originy="0" style="Default" rotation="0" justify="right" flipped="False" hidden="False" data="10" />
      <text name="pindes" originx="760" originy="20" style="Default" rotation="0" justify="lowerleft" flipped="False" hidden="False" data="10" />
    </sympin>
  </symbol>
  <component name="SMH-105-02-T-D-TR" designatorprefix="J" height="194.88188976378" footprint="SMH10502TDTR">
    <comppin designator="1" sympin="1" pinswap="0" gateswap="0" gate="1" group="1" side="" type="Any" name="1" />
    <comppin designator="2" sympin="2" pinswap="0" gateswap="0" gate="1" group="1" side="" type="Any" name="2" />
    <comppin designator="3" sympin="3" pinswap="0" gateswap="0" gate="1" group="1" side="" type="Any" name="3" />
    <comppin designator="4" sympin="4" pinswap="0" gateswap="0" gate="1" group="1" side="" type="Any" name="4" />
    <comppin designator="5" sympin="5" pinswap="0" gateswap="0" gate="1" group="1" side="" type="Any" name="5" />
    <comppin designator="6" sympin="6" pinswap="0" gateswap="0" gate="1" group="1" side="" type="Any" name="6" />
    <comppin designator="7" sympin="7" pinswap="0" gateswap="0" gate="1" group="1" side="" type="Any" name="7" />
    <comppin designator="8" sympin="8" pinswap="0" gateswap="0" gate="1" group="1" side="" type="Any" name="8" />
    <comppin designator="9" sympin="9" pinswap="0" gateswap="0" gate="1" group="1" side="" type="Any" name="9" />
    <comppin designator="10" sympin="10" pinswap="0" gateswap="0" gate="1" group="1" side="" type="Any" name="10" />
    <attached_symbol gate="1" name="SMH-105-02-T-D-TR" />
    <pinmap designator="1" footprintpin="1" />
    <pinmap designator="2" footprintpin="2" />
    <pinmap designator="3" footprintpin="3" />
    <pinmap designator="4" footprintpin="4" />
    <pinmap designator="5" footprintpin="5" />
    <pinmap designator="6" footprintpin="6" />
    <pinmap designator="7" footprintpin="7" />
    <pinmap designator="8" footprintpin="8" />
    <pinmap designator="9" footprintpin="9" />
    <pinmap designator="10" footprintpin="10" />
    <text name="Datasheet" originx="0" originy="0" style="Default" rotation="0" justify="" flipped="False" hidden="True" data="" />
    <text name="Description" originx="0" originy="0" style="Default" rotation="0" justify="" flipped="False" hidden="True" data="Headers &amp; Wire Housings .100&quot; Horizontal Surface Mount Socket Strip" />
    <text name="Mouser Part Number" originx="0" originy="0" style="Default" rotation="0" justify="" flipped="False" hidden="True" data="200-SMH10502TDTR" />
    <text name="Mouser Price/Stock" originx="0" originy="0" style="Default" rotation="0" justify="" flipped="False" hidden="True" data="https://www.mouser.co.uk/ProductDetail/Samtec/SMH-105-02-T-D-TR?qs=Cqqh%252BS766wkiSGNTyR683A%3D%3D" />
    <text name="Manufacturer_Name" originx="0" originy="0" style="Default" rotation="0" justify="" flipped="False" hidden="True" data="SAMTEC" />
    <text name="Manufacturer_Part_Number" originx="750" originy="200" style="Default" rotation="0" justify="left" flipped="False" hidden="False" data="SMH-105-02-T-D-TR" />
  </component>
</quadcept_library>
